{
    "step": 19,
    "train": {
        "loss": 0.08830516040325165,
        "f1_weighted": 0.8063725829124451,
        "f1_global": 0.7954334020614624,
        "precision": 0.665229082107544,
        "recall": 0.9890111684799194
    },
    "eval": {
        "loss": 0.8105692863464355,
        "f1_weighted": 0.7655974626541138,
        "f1_global": 0.7604354023933411,
        "precision": 0.6795439720153809,
        "recall": 0.863187313079834
    },
    "test": {
        "loss": 1.582090139389038,
        "f1_weighted": 0.6333538293838501,
        "f1_global": 0.6062783598899841,
        "precision": 0.499189168214798,
        "recall": 0.7718632817268372
    }
}
