{
    "train": {
        "loss": 0.033175740391016006,
        "f1_weighted": 0.8256707191467285,
        "f1_global": 0.8248199820518494,
        "precision": 0.7032690644264221,
        "recall": 0.9971674680709839
    },
    "eval": {
        "loss": 0.03550659865140915,
        "f1_weighted": 0.8428690433502197,
        "f1_global": 0.8396733999252319,
        "precision": 0.7259191274642944,
        "recall": 0.995703935623169
    },
    "step": 5,
    "test": {
        "loss": 33.29134750366211,
        "f1_weighted": 0.0,
        "f1_global": 0.0,
        "precision": 0.0,
        "recall": 0.0
    }
}
