{
    "step": 19,
    "train": {
        "loss": 0.08854781836271286,
        "f1_weighted": 0.8063201308250427,
        "f1_global": 0.7944983839988708,
        "precision": 0.6639100313186646,
        "recall": 0.9890382885932922
    },
    "eval": {
        "loss": 0.6653386950492859,
        "f1_weighted": 0.7416567802429199,
        "f1_global": 0.7266948223114014,
        "precision": 0.6182442903518677,
        "recall": 0.881287693977356
    },
    "test": {
        "loss": 1.4334123134613037,
        "f1_weighted": 0.6196058392524719,
        "f1_global": 0.5544033050537109,
        "precision": 0.42724180221557617,
        "recall": 0.7893362045288086
    }
}
