{
    "train": {
        "loss": 0.031382426619529724,
        "f1_weighted": 0.8369729518890381,
        "f1_global": 0.8361733555793762,
        "precision": 0.7197050452232361,
        "recall": 0.9976153373718262
    },
    "eval": {
        "loss": 0.029771646484732628,
        "f1_weighted": 0.8641908168792725,
        "f1_global": 0.8635374903678894,
        "precision": 0.7616980671882629,
        "recall": 0.9968117475509644
    },
    "step": 5,
    "test": {
        "loss": 33.949710845947266,
        "f1_weighted": 0.0,
        "f1_global": 0.0,
        "precision": 0.0,
        "recall": 0.0
    }
}
