{
    "train": {
        "loss": 0.034001048654317856,
        "f1_weighted": 0.829889178276062,
        "f1_global": 0.8297678828239441,
        "precision": 0.7104722261428833,
        "recall": 0.9972097873687744
    },
    "eval": {
        "loss": 0.03043709322810173,
        "f1_weighted": 0.8555058240890503,
        "f1_global": 0.8552356958389282,
        "precision": 0.7485272884368896,
        "recall": 0.9974265098571777
    },
    "step": 5,
    "test": {
        "loss": 37.392513275146484,
        "f1_weighted": 0.0,
        "f1_global": 0.0,
        "precision": 0.0,
        "recall": 0.0
    }
}
