{
    "train": {
        "loss": 0.02966645173728466,
        "f1_weighted": 0.8408422470092773,
        "f1_global": 0.8400331139564514,
        "precision": 0.7253677845001221,
        "recall": 0.9977574348449707
    },
    "eval": {
        "loss": 0.03507646173238754,
        "f1_weighted": 0.8575888276100159,
        "f1_global": 0.856195867061615,
        "precision": 0.7513192892074585,
        "recall": 0.995102047920227
    },
    "step": 5,
    "test": {
        "loss": 34.05930709838867,
        "f1_weighted": 0.0,
        "f1_global": 0.0,
        "precision": 0.0,
        "recall": 0.0
    }
}
