{
    "train": {
        "loss": 0.03811123967170715,
        "f1_weighted": 0.805503249168396,
        "f1_global": 0.8036985993385315,
        "precision": 0.6732664108276367,
        "recall": 0.9968113303184509
    },
    "eval": {
        "loss": 0.03545519337058067,
        "f1_weighted": 0.8479148149490356,
        "f1_global": 0.8446844220161438,
        "precision": 0.7334043383598328,
        "recall": 0.9957740902900696
    },
    "step": 5,
    "test": {
        "loss": 40.41908264160156,
        "f1_weighted": 0.0,
        "f1_global": 0.0,
        "precision": 0.0,
        "recall": 0.0
    }
}
