step	f1_global
0	0.882385790348053
1	0.853634238243103
2	0.876274049282074
3	0.8678693175315857
4	0.8519582152366638
5	0.856195867061615
