step	f1_global
0	0.8795444965362549
1	0.8687219023704529
2	0.8624880909919739
3	0.8553788065910339
4	0.8624807596206665
5	0.8635374903678894
