step	f1_global
4	0.6587336659431458
5	0.6670219898223877
6	0.6949755549430847
7	0.6865713000297546
8	0.6980873942375183
9	0.6864635944366455
10	0.6975831389427185
11	0.7025983333587646
12	0.6966070532798767
13	0.7331298589706421
14	0.7239238023757935
15	0.7164859175682068
16	0.7310328483581543
17	0.7401341795921326
18	0.7502589225769043
19	0.7266948223114014
