step	f1_global
0	0.8921061158180237
1	0.8844862580299377
2	0.8594870567321777
3	0.8790778517723083
4	0.8326065540313721
5	0.8396733999252319
