step	f1_global
0	0.8620266318321228
1	0.8582295179367065
2	0.8494357466697693
3	0.8499476313591003
4	0.8290536999702454
5	0.8552356958389282
