step	f1_global
4	0.6749875545501709
5	0.6369907855987549
6	0.686261773109436
7	0.6803691387176514
8	0.6769896745681763
9	0.6939188241958618
10	0.7154416441917419
11	0.714690625667572
12	0.7273819446563721
13	0.7403232455253601
14	0.7275750637054443
15	0.731016993522644
16	0.7536110877990723
17	0.7280344367027283
18	0.7441284656524658
19	0.7604354023933411
