step	f1_global
0	0.8521201014518738
1	0.8521562814712524
2	0.8537562489509583
3	0.7798469066619873
4	0.8404982089996338
5	0.8446844220161438
