step	f1_weighted
0	0.8924204707145691
1	0.8847062587738037
2	0.861143946647644
3	0.8794026970863342
4	0.8388081789016724
5	0.8428690433502197
