step	f1_weighted
0	0.8539021611213684
1	0.854377806186676
2	0.8562709093093872
3	0.7905020713806152
4	0.8424519896507263
5	0.8479148149490356
