step	f1_weighted
0	0.8666347861289978
1	0.8595119118690491
2	0.8550058007240295
3	0.8526417016983032
4	0.8325602412223816
5	0.8555058240890503
