step	f1_weighted
0	0.8811935782432556
1	0.8704141974449158
2	0.8652564287185669
3	0.855960488319397
4	0.8642199039459229
5	0.8641908168792725
