step	f1_weighted
4	0.6964685320854187
5	0.6590554714202881
6	0.7089560031890869
7	0.7025011777877808
8	0.6964165568351746
9	0.7120163440704346
10	0.7364529967308044
11	0.7292083501815796
12	0.7393879890441895
13	0.7476890683174133
14	0.7381823062896729
15	0.744170069694519
16	0.7597266435623169
17	0.7402352094650269
18	0.7525730133056641
19	0.7655974626541138
