step	f1_weighted
0	0.8828536868095398
1	0.8560293316841125
2	0.8767398595809937
3	0.8682326674461365
4	0.8553162217140198
5	0.8575888276100159
