step	f1_weighted
4	0.6794558167457581
5	0.6923856735229492
6	0.7201229333877563
7	0.7068933248519897
8	0.7152581214904785
9	0.7029389142990112
10	0.7132338285446167
11	0.715854287147522
12	0.7145612835884094
13	0.745518684387207
14	0.7373979687690735
15	0.7330297231674194
16	0.7425515055656433
17	0.7485918998718262
18	0.7561022043228149
19	0.7416567802429199
