step	loss
0	0.048154108226299286
1	0.03537730500102043
2	0.03772725909948349
3	0.03894086927175522
4	0.03639761358499527
5	0.03043709322810173
