step	loss
4	0.4142318069934845
5	0.4160356819629669
6	0.4584960639476776
7	0.4590167999267578
8	0.4704475700855255
9	0.4774256646633148
10	0.4939359426498413
11	0.5161042213439941
12	0.5252851247787476
13	0.6214457154273987
14	0.6133487224578857
15	0.6314154267311096
16	0.6356881856918335
17	0.6798624992370605
18	0.7046587467193604
19	0.6653386950492859
