step	loss
0	0.045105963945388794
1	0.035670746117830276
2	0.03264320269227028
3	0.03160534426569939
4	0.032468173652887344
5	0.03507646173238754
