step	loss
0	0.046249862760305405
1	0.034997664391994476
2	0.03415339067578316
3	0.03335797041654587
4	0.03350858762860298
5	0.03550659865140915
