step	loss
0	0.04700811207294464
1	0.042738232761621475
2	0.03527383878827095
3	0.03323294222354889
4	0.03108750842511654
5	0.029771646484732628
