step	loss
0	0.042886778712272644
1	0.03994329273700714
2	0.03961654379963875
3	0.04139629378914833
4	0.03383401408791542
5	0.03545519337058067
