step	loss
4	0.41888654232025146
5	0.41101524233818054
6	0.4746374785900116
7	0.4724350869655609
8	0.47333264350891113
9	0.5149697065353394
10	0.5714912414550781
11	0.5621154308319092
12	0.6046680212020874
13	0.6375418901443481
14	0.6371815800666809
15	0.6256788969039917
16	0.7097474932670593
17	0.7035792469978333
18	0.7444217801094055
19	0.8105692863464355
