step	precision
0	0.7954275012016296
1	0.7471474409103394
2	0.7827319502830505
3	0.7688438296318054
4	0.7442814707756042
5	0.7513192892074585
