step	precision
4	0.514164924621582
5	0.5243472456932068
6	0.5648879408836365
7	0.5533120036125183
8	0.5683178305625916
9	0.5528677105903625
10	0.5683315992355347
11	0.5760940909385681
12	0.5672088861465454
13	0.6261752247810364
14	0.6111168265342712
15	0.6016437411308289
16	0.6231181025505066
17	0.639575719833374
18	0.6559611558914185
19	0.6182442903518677
