step	precision
0	0.8119422793388367
1	0.7965247631072998
2	0.7561850547790527
3	0.787212610244751
4	0.714755654335022
5	0.7259191274642944
