step	precision
0	0.7914488911628723
1	0.7729805707931519
2	0.7613129615783691
3	0.7491533160209656
4	0.7600069046020508
5	0.7616980671882629
