step	precision
4	0.5365892052650452
5	0.4877780079841614
6	0.5538820624351501
7	0.5442744493484497
8	0.5393902659416199
9	0.5647543668746948
10	0.5981714725494385
11	0.5953124165534973
12	0.6167872548103333
13	0.6375913619995117
14	0.6190619468688965
15	0.6237679719924927
16	0.6642782688140869
17	0.6229458451271057
18	0.650091826915741
19	0.6795439720153809
