step	precision
0	0.7458429932594299
1	0.7454448938369751
2	0.7477267980575562
3	0.6398576498031616
4	0.7263862490653992
5	0.7334043383598328
