step	precision
0	0.7631018757820129
1	0.7543774843215942
2	0.7412599921226501
3	0.7418034672737122
4	0.7097389698028564
5	0.7485272884368896
