step	recall
4	0.916399359703064
5	0.9163642525672913
6	0.9029048085212708
7	0.9043822884559631
8	0.9046564102172852
9	0.9051968455314636
10	0.9029300808906555
11	0.900293231010437
12	0.9024944305419922
13	0.884147584438324
14	0.8878052234649658
15	0.8855133056640625
16	0.8841552138328552
17	0.8782128095626831
18	0.8762200474739075
19	0.881287693977356
