step	recall
0	0.9906908869743347
1	0.9955203533172607
2	0.9952085614204407
3	0.9961744546890259
4	0.9960603713989258
5	0.995102047920227
