step	recall
0	0.9897081851959229
1	0.9915333390235901
2	0.9946761131286621
3	0.9967057108879089
4	0.9968950152397156
5	0.9968117475509644
