step	recall
0	0.9904196262359619
1	0.9952402114868164
2	0.9945797324180603
3	0.9950048327445984
4	0.9965914487838745
5	0.9974265098571777
