step	recall
4	0.9095914959907532
5	0.9177258014678955
6	0.901793360710144
7	0.9072169065475464
8	0.9088351130485535
9	0.8996848464012146
10	0.8899055123329163
11	0.8939559459686279
12	0.8863030672073364
13	0.8825192451477051
14	0.8822153210639954
15	0.8828038573265076
16	0.8707042336463928
17	0.8757742047309875
18	0.8699710369110107
19	0.863187313079834
