step	recall
0	0.993717610836029
1	0.9945236444473267
2	0.9948249459266663
3	0.9982448220252991
4	0.9971450567245483
5	0.9957740902900696
