step	recall
0	0.9898333549499512
1	0.9942868947982788
2	0.9954789876937866
3	0.9952165484428406
4	0.9969934821128845
5	0.995703935623169
