step	f1_global
0	0.7970346212387085
1	0.8128889203071594
2	0.8242206573486328
3	0.8398345112800598
4	0.8412023782730103
5	0.8400331139564514
