step	f1_global
0	0.7882802486419678
1	0.804328978061676
2	0.817533016204834
3	0.8244196176528931
4	0.8097215890884399
5	0.8248199820518494
