step	f1_global
4	0.6404901146888733
5	0.6601862907409668
6	0.6769341826438904
7	0.6918200850486755
8	0.7072481513023376
9	0.7189134955406189
10	0.7294870615005493
11	0.7428617477416992
12	0.751329243183136
13	0.7591625452041626
14	0.7674156427383423
15	0.7724856734275818
16	0.7801434397697449
17	0.786803662776947
18	0.7920764684677124
19	0.7944983839988708
