step	f1_global
4	0.641168475151062
5	0.6594852209091187
6	0.6768492460250854
7	0.6907360553741455
8	0.7064599990844727
9	0.720261812210083
10	0.7305893301963806
11	0.7398577928543091
12	0.7518306970596313
13	0.7575135827064514
14	0.767530083656311
15	0.7730885148048401
16	0.7774961590766907
17	0.7884480357170105
18	0.7898701429367065
19	0.7954334020614624
