step	f1_global
0	0.7606238722801208
1	0.7818608283996582
2	0.7957538962364197
3	0.7928662896156311
4	0.8008017539978027
5	0.8036985993385315
