step	f1_global
0	0.7708364725112915
1	0.7995273470878601
2	0.8038011193275452
3	0.812424898147583
4	0.8072565197944641
5	0.8297678828239441
