step	f1_global
0	0.8013246059417725
1	0.8092950582504272
2	0.8226473927497864
3	0.8190111517906189
4	0.8347132205963135
5	0.8361733555793762
