step	f1_weighted
0	0.7892662882804871
1	0.8055336475372314
2	0.8185242414474487
3	0.8251317739486694
4	0.8109538555145264
5	0.8256707191467285
