step	f1_weighted
0	0.7981115579605103
1	0.8149949908256531
2	0.8257319331169128
3	0.8413816094398499
4	0.8422154188156128
5	0.8408422470092773
