step	f1_weighted
4	0.6694112420082092
5	0.685980498790741
6	0.7017096877098083
7	0.7142603993415833
8	0.7284977436065674
9	0.7409250736236572
10	0.7497757077217102
11	0.7582581639289856
12	0.7687297463417053
13	0.7736648917198181
14	0.7822539806365967
15	0.7871186137199402
16	0.7904947996139526
17	0.800564169883728
18	0.8013352155685425
19	0.8063725829124451
