step	f1_weighted
0	0.801941990852356
1	0.8105096817016602
2	0.823603630065918
3	0.8198425769805908
4	0.8354721665382385
5	0.8369729518890381
