step	f1_weighted
0	0.7716763615608215
1	0.8003707528114319
2	0.8058367967605591
3	0.8129246234893799
4	0.8075783848762512
5	0.829889178276062
