step	f1_weighted
0	0.7629526853561401
1	0.7830985188484192
2	0.7976076006889343
3	0.7934827208518982
4	0.801361620426178
5	0.805503249168396
