step	loss
4	0.19539760053157806
5	0.1777709722518921
6	0.1636342704296112
7	0.15196789801120758
8	0.1405826210975647
9	0.13222429156303406
10	0.12535865604877472
11	0.11706585437059402
12	0.11180771142244339
13	0.10728630423545837
14	0.10284073650836945
15	0.09984125941991806
16	0.0956806018948555
17	0.09245632588863373
18	0.08952571451663971
19	0.08854781836271286
