step	loss
0	0.04007693752646446
1	0.03623988479375839
2	0.032831866294145584
3	0.029947152361273766
4	0.02940908446907997
5	0.02966645173728466
