step	loss
0	0.042967699468135834
1	0.03935948386788368
2	0.035464171320199966
3	0.03353843837976456
4	0.03801726922392845
5	0.033175740391016006
