step	loss
0	0.054633356630802155
1	0.04292720928788185
2	0.040254365652799606
3	0.04493974521756172
4	0.0395703949034214
5	0.03811123967170715
