step	loss
4	0.19521456956863403
5	0.17854461073875427
6	0.16400426626205444
7	0.1529569774866104
8	0.14174026250839233
9	0.1320604681968689
10	0.1252685934305191
11	0.11939606070518494
12	0.11232204735279083
13	0.10880836099386215
14	0.10323213785886765
15	0.10012298822402954
16	0.09791143238544464
17	0.09205213189125061
18	0.0913078635931015
19	0.08830516040325165
