step	loss
0	0.0399518758058548
1	0.036697376519441605
2	0.0347103551030159
3	0.035063669085502625
4	0.031118055805563927
5	0.031382426619529724
