step	loss
0	0.05032783001661301
1	0.04066331684589386
2	0.038651276379823685
3	0.03746557980775833
4	0.03849196434020996
5	0.034001048654317856
