step	precision
4	0.48002490401268005
5	0.5011383295059204
6	0.5195555686950684
7	0.5363555550575256
8	0.5541356801986694
9	0.5678802132606506
10	0.580595850944519
11	0.597005307674408
12	0.6075411438941956
13	0.6174439191818237
14	0.6280460953712463
15	0.6346293091773987
16	0.6446612477302551
17	0.6535541415214539
18	0.6605926752090454
19	0.6639100313186646
