step	precision
0	0.663983166217804
1	0.6862108111381531
2	0.702288806438446
3	0.7251771688461304
4	0.727144718170166
5	0.7253677845001221
