step	precision
0	0.6699581742286682
1	0.6810365915298462
2	0.7000853419303894
3	0.6948748230934143
4	0.7175493836402893
5	0.7197050452232361
