step	precision
0	0.6521696448326111
1	0.6742503046989441
2	0.692846417427063
3	0.7026121616363525
4	0.6819217801094055
5	0.7032690644264221
