step	precision
0	0.6157944202423096
1	0.6432989239692688
2	0.6623037457466125
3	0.6586722135543823
4	0.6692379713058472
5	0.6732664108276367
