step	precision
0	0.6289814710617065
1	0.6675946116447449
2	0.6734315752983093
3	0.6857158541679382
4	0.6784210801124573
5	0.7104722261428833
