step	recall
4	0.9621972441673279
5	0.9669352769851685
6	0.9708919525146484
7	0.9738689661026001
8	0.9768739342689514
9	0.9794058203697205
10	0.9809892177581787
11	0.9824045300483704
12	0.9840474724769592
13	0.9848360419273376
14	0.9860196709632874
15	0.9867223501205444
16	0.9871975779533386
17	0.9882961511611938
18	0.9885398745536804
19	0.9890111684799194
