step	recall
0	0.9961892366409302
1	0.9965956211090088
2	0.9969460368156433
3	0.9973183274269104
4	0.9964715242385864
5	0.9971674680709839
