step	recall
0	0.9945281147956848
1	0.9964997172355652
2	0.9965533018112183
3	0.9957305788993835
4	0.9967504739761353
5	0.9968113303184509
