step	recall
0	0.9967735409736633
1	0.9970719218254089
2	0.9972296357154846
3	0.9971471428871155
4	0.9976056218147278
5	0.9976153373718262
