step	recall
0	0.9967716932296753
1	0.9969269037246704
2	0.9973877668380737
3	0.9975578188896179
4	0.9976982474327087
5	0.9977574348449707
