step	recall
4	0.9621086716651917
5	0.967126190662384
6	0.9710858464241028
7	0.9741933941841125
8	0.9772784113883972
9	0.9793923497200012
10	0.9810810089111328
11	0.9830287098884583
12	0.9842814207077026
13	0.9853172302246094
14	0.9862809777259827
15	0.9868534207344055
16	0.9877234697341919
17	0.9883033037185669
18	0.9889077544212341
19	0.9890382885932922
