step	recall
0	0.9953101873397827
1	0.9964499473571777
2	0.9967645406723022
3	0.9965757727622986
4	0.9964959025382996
5	0.9972097873687744
